property_id,month,occupancy,rent_collected,nebenkosten_collected,nebenkosten_spent,maintenance_spike,mortgage_emi,total_income,total_expenses_ex_emi,net_cashflow
P01,2025-09,Occupied,782.0,201.21,181.91,0.0,730.81,983.21,294.13,-41.73
P01,2025-10,Occupied,782.0,201.21,182.75,381.11,730.81,983.21,676.08,-423.68
P01,2025-11,Occupied,782.0,201.21,200.33,418.05,730.81,983.21,730.6,-478.2
P01,2025-12,Occupied,782.0,201.21,227.88,639.34,730.81,983.21,979.44,-727.04
P01,2026-01,Occupied,782.0,201.21,214.11,0.0,730.81,983.21,326.33,-73.93
P01,2026-02,Occupied,782.0,201.21,222.77,555.26,730.81,983.21,890.25,-637.85
P01,2026-03,Occupied,782.0,201.21,211.62,0.0,730.81,983.21,323.84,-71.44
P01,2026-04,Occupied,782.0,201.21,190.13,0.0,730.81,983.21,302.35,-49.95
P01,2026-05,Occupied,782.0,201.21,226.64,0.0,730.81,983.21,338.86,-86.46
P01,2026-06,Occupied,782.0,201.21,183.34,0.0,730.81,983.21,295.56,-43.16
P01,2026-07,Occupied,782.0,201.21,214.05,0.0,730.81,983.21,326.27,-73.87
P01,2026-08,Occupied,782.0,201.21,195.27,0.0,730.81,983.21,307.49,-55.09
P02,2025-09,Occupied,367.2,162.99,163.3,0.0,212.14,530.19,235.14,82.91
P02,2025-10,Occupied,367.2,162.99,155.07,0.0,212.14,530.19,226.91,91.14
P02,2025-11,Occupied,367.2,162.99,158.01,0.0,212.14,530.19,229.85,88.2
P02,2025-12,Occupied,367.2,162.99,141.97,0.0,212.14,530.19,213.81,104.24
P02,2026-01,Occupied,367.2,162.99,138.83,0.0,212.14,530.19,210.67,107.38
P02,2026-02,Occupied,367.2,162.99,182.81,0.0,212.14,530.19,254.65,63.4
P02,2026-03,Occupied,367.2,162.99,178.81,0.0,212.14,530.19,250.65,67.4
P02,2026-04,Occupied,367.2,162.99,151.41,0.0,212.14,530.19,223.25,94.8
P02,2026-05,Occupied,367.2,162.99,141.62,0.0,212.14,530.19,213.46,104.59
P02,2026-06,Occupied,367.2,162.99,177.12,0.0,212.14,530.19,248.96,69.09
P02,2026-07,Occupied,367.2,162.99,174.46,370.18,212.14,530.19,616.48,-298.43
P02,2026-08,Occupied,367.2,162.99,156.07,0.0,212.14,530.19,227.91,90.14
P03,2025-09,Occupied,1230.0,208.66,180.77,596.03,1285.81,1438.66,931.29,-778.44
P03,2025-10,Occupied,1230.0,208.66,217.56,333.63,1285.81,1438.66,705.68,-552.83
P03,2025-11,Occupied,1230.0,208.66,223.57,0.0,1285.81,1438.66,378.06,-225.21
P03,2025-12,Occupied,1230.0,208.66,215.65,0.0,1285.81,1438.66,370.14,-217.29
P03,2026-01,Occupied,1230.0,208.66,195.54,160.64,1285.81,1438.66,510.67,-357.82
P03,2026-02,Occupied,1230.0,208.66,224.91,492.56,1285.81,1438.66,871.96,-719.11
P03,2026-03,Occupied,1230.0,208.66,223.68,0.0,1285.81,1438.66,378.17,-225.32
P03,2026-04,Occupied,1230.0,208.66,187.94,0.0,1285.81,1438.66,342.43,-189.58
P03,2026-05,Occupied,1230.0,208.66,223.32,0.0,1285.81,1438.66,377.81,-224.96
P03,2026-06,Occupied,1230.0,208.66,193.5,0.0,1285.81,1438.66,347.99,-195.14
P03,2026-07,Occupied,1230.0,208.66,209.48,0.0,1285.81,1438.66,363.97,-211.12
P03,2026-08,Occupied,1230.0,208.66,197.32,0.0,1285.81,1438.66,351.81,-198.96
P04,2025-09,Occupied,582.2,178.83,198.16,0.0,367.98,761.03,302.6,90.45
P04,2025-10,Occupied,582.2,178.83,163.7,0.0,367.98,761.03,268.14,124.91
P04,2025-11,Vacant,0.0,0.0,199.04,0.0,367.98,0.0,274.37,-642.35
P04,2025-12,Vacant,0.0,0.0,168.15,240.48,367.98,0.0,483.96,-851.94
P04,2026-01,Occupied,582.2,178.83,159.71,0.0,367.98,761.03,264.15,128.9
P04,2026-02,Occupied,582.2,178.83,180.09,0.0,367.98,761.03,284.53,108.52
P04,2026-03,Occupied,582.2,178.83,185.64,0.0,367.98,761.03,290.08,102.97
P04,2026-04,Occupied,582.2,178.83,189.42,0.0,367.98,761.03,293.86,99.19
P04,2026-05,Occupied,582.2,178.83,167.35,639.67,367.98,761.03,911.46,-518.41
P04,2026-06,Occupied,582.2,178.83,161.33,0.0,367.98,761.03,265.77,127.28
P04,2026-07,Occupied,582.2,178.83,186.81,0.0,367.98,761.03,291.25,101.8
P04,2026-08,Occupied,582.2,178.83,169.24,0.0,367.98,761.03,273.68,119.37
P05,2025-09,Occupied,408.0,138.7,123.18,0.0,252.56,546.7,201.07,93.07
P05,2025-10,Occupied,408.0,138.7,148.83,0.0,252.56,546.7,226.72,67.42
P05,2025-11,Occupied,408.0,138.7,156.62,0.0,252.56,546.7,234.51,59.63
P05,2025-12,Occupied,408.0,138.7,145.85,0.0,252.56,546.7,223.74,70.4
P05,2026-01,Occupied,408.0,138.7,140.32,194.46,252.56,546.7,412.67,-118.53
P05,2026-02,Occupied,408.0,138.7,130.46,0.0,252.56,546.7,208.35,85.79
P05,2026-03,Occupied,408.0,138.7,123.57,0.0,252.56,546.7,201.46,92.68
P05,2026-04,Occupied,408.0,138.7,133.93,0.0,252.56,546.7,211.82,82.32
P05,2026-05,Occupied,408.0,138.7,120.79,454.66,252.56,546.7,653.34,-359.2
P05,2026-06,Occupied,408.0,138.7,148.53,527.14,252.56,546.7,753.56,-459.42
P05,2026-07,Occupied,408.0,138.7,135.52,0.0,252.56,546.7,213.41,80.73
P05,2026-08,Occupied,408.0,138.7,159.05,157.32,252.56,546.7,394.26,-100.12
P06,2025-09,Occupied,825.0,171.3,156.74,0.0,737.03,996.3,275.75,-16.48
P06,2025-10,Occupied,825.0,171.3,168.95,0.0,737.03,996.3,287.96,-28.69
P06,2025-11,Occupied,825.0,171.3,155.23,0.0,737.03,996.3,274.24,-14.97
P06,2025-12,Occupied,825.0,171.3,178.89,0.0,737.03,996.3,297.9,-38.63
P06,2026-01,Occupied,825.0,171.3,194.32,0.0,737.03,996.3,313.33,-54.06
P06,2026-02,Occupied,825.0,171.3,190.74,607.41,737.03,996.3,917.16,-657.89
P06,2026-03,Occupied,825.0,171.3,149.63,529.9,737.03,996.3,798.54,-539.27
P06,2026-04,Occupied,825.0,171.3,160.23,0.0,737.03,996.3,279.24,-19.97
P06,2026-05,Occupied,825.0,171.3,195.01,0.0,737.03,996.3,314.02,-54.75
P06,2026-06,Occupied,825.0,171.3,154.97,520.42,737.03,996.3,794.4,-535.13
P06,2026-07,Occupied,825.0,171.3,158.37,0.0,737.03,996.3,277.38,-18.11
P06,2026-08,Occupied,825.0,171.3,162.07,0.0,737.03,996.3,281.08,-21.81
P07,2025-09,Occupied,435.0,168.94,165.02,0.0,277.83,603.94,242.03,84.08
P07,2025-10,Occupied,435.0,168.94,151.64,0.0,277.83,603.94,228.65,97.46
P07,2025-11,Occupied,435.0,168.94,170.17,0.0,277.83,603.94,247.18,78.93
P07,2025-12,Occupied,435.0,168.94,161.99,0.0,277.83,603.94,239.0,87.11
P07,2026-01,Occupied,435.0,168.94,150.73,0.0,277.83,603.94,227.74,98.37
P07,2026-02,Occupied,435.0,168.94,182.75,0.0,277.83,603.94,259.76,66.35
P07,2026-03,Occupied,435.0,168.94,150.86,442.46,277.83,603.94,670.33,-344.22
P07,2026-04,Occupied,435.0,168.94,164.26,0.0,277.83,603.94,241.27,84.84
P07,2026-05,Occupied,435.0,168.94,155.47,0.0,277.83,603.94,232.48,93.63
P07,2026-06,Occupied,435.0,168.94,151.67,0.0,277.83,603.94,228.68,97.43
P07,2026-07,Occupied,435.0,168.94,177.46,0.0,277.83,603.94,254.47,71.64
P07,2026-08,Occupied,435.0,168.94,152.35,0.0,277.83,603.94,229.36,96.75
P08,2025-09,Occupied,563.2,179.17,164.56,324.75,426.45,742.37,586.24,-270.32
P08,2025-10,Occupied,563.2,179.17,191.64,667.39,426.45,742.37,955.96,-640.04
P08,2025-11,Occupied,563.2,179.17,193.09,0.0,426.45,742.37,290.02,25.9
P08,2025-12,Occupied,563.2,179.17,185.46,0.0,426.45,742.37,282.39,33.53
P08,2026-01,Occupied,563.2,179.17,183.87,308.33,426.45,742.37,589.13,-273.21
P08,2026-02,Occupied,563.2,179.17,199.46,0.0,426.45,742.37,296.39,19.53
P08,2026-03,Occupied,563.2,179.17,167.56,0.0,426.45,742.37,264.49,51.43
P08,2026-04,Occupied,563.2,179.17,169.75,0.0,426.45,742.37,266.68,49.24
P08,2026-05,Occupied,563.2,179.17,192.16,0.0,426.45,742.37,289.09,26.83
P08,2026-06,Occupied,563.2,179.17,200.68,320.96,426.45,742.37,618.57,-302.65
P08,2026-07,Occupied,563.2,179.17,197.41,0.0,426.45,742.37,294.34,21.58
P08,2026-08,Occupied,563.2,179.17,203.36,0.0,426.45,742.37,300.29,15.63
